{
    "root_group": {
        "path": "",
        "id": "d41d8cd98f00b204e9800998ecf8427e",
        "groups": {},
        "checks": {
                "users/me returns 200": {
                    "id": "0b493bc308c4b85b40692379720e0106",
                    "passes": 18,
                    "fails": 0,
                    "name": "users/me returns 200",
                    "path": "::users/me returns 200"
                }
            },
        "name": ""
    },
    "metrics": {
        "http_req_duration": {
            "p(95)": 8.571389549999996,
            "avg": 5.357949333333333,
            "min": 2.224994,
            "med": 5.2329550000000005,
            "max": 10.455446,
            "p(90)": 7.573587000000001
        },
        "users_me_latency_ms": {
            "avg": 5.357949333333333,
            "min": 2.224994,
            "med": 5.2329550000000005,
            "max": 10.455446,
            "p(90)": 7.573587000000001,
            "p(95)": 8.571389549999996
        },
        "http_reqs": {
            "count": 18,
            "rate": 0.09999946991503213
        },
        "http_req_connecting": {
            "avg": 0.44971444444444447,
            "min": 0.15689,
            "med": 0.3266965,
            "max": 1.061574,
            "p(90)": 0.9419470000000001,
            "p(95)": 1.0004879
        },
        "http_req_tls_handshaking": {
            "med": 8.72652,
            "max": 17.290074,
            "p(90)": 10.9110302,
            "p(95)": 12.501105999999991,
            "avg": 8.663516777777778,
            "min": 3.853486
        },
        "http_req_sending": {
            "p(90)": 0.3713369,
            "p(95)": 0.4200526499999996,
            "avg": 0.14357083333333337,
            "min": 0.04426,
            "med": 0.076016,
            "max": 0.686537
        },
        "checks": {
            "fails": 0,
            "passes": 18,
            "thresholds": {
                "rate>0.99": false
            },
            "value": 1
        },
        "http_req_duration{expected_response:true}": {
            "min": 2.224994,
            "med": 5.2329550000000005,
            "max": 10.455446,
            "p(90)": 7.573587000000001,
            "p(95)": 8.571389549999996,
            "avg": 5.357949333333333
        },
        "users_me_status_200": {
            "count": 18,
            "rate": 0.09999946991503213
        },
        "http_req_blocked": {
            "avg": 9.350700444444445,
            "min": 4.692711,
            "med": 9.6524295,
            "max": 17.887337,
            "p(90)": 11.298336,
            "p(95)": 12.890462399999992
        },
        "data_received": {
            "count": 89812,
            "rate": 498.9529106671592
        },
        "users_me_error_rate": {
            "passes": 0,
            "fails": 18,
            "thresholds": {
                "rate<0.01": false
            },
            "value": 0
        },
        "http_req_receiving": {
            "max": 3.941194,
            "p(90)": 0.6984329000000002,
            "p(95)": 1.3213358999999956,
            "avg": 0.5396765000000001,
            "min": 0.08758,
            "med": 0.27386699999999997
        },
        "iterations": {
            "count": 18,
            "rate": 0.09999946991503213
        },
        "vus": {
            "value": 0,
            "min": 0,
            "max": 0
        },
        "data_sent": {
            "count": 53066,
            "rate": 294.8095483617275
        },
        "http_req_waiting": {
            "p(95)": 7.417750549999996,
            "avg": 4.674702,
            "min": 1.971389,
            "med": 4.5182375,
            "max": 10.049637,
            "p(90)": 6.429903
        },
        "http_req_failed": {
            "passes": 0,
            "fails": 18,
            "value": 0
        },
        "users_me_status_count": {
            "count": 18,
            "rate": 0.09999946991503213
        },
        "iteration_duration": {
            "min": 10.422385,
            "med": 16.1423785,
            "max": 21.44234,
            "p(90)": 19.988,
            "p(95)": 20.7499929,
            "avg": 15.433981666666666
        },
        "vus_max": {
            "value": 1,
            "min": 1,
            "max": 1
        }
    }
}