{
    "root_group": {
        "checks": {
            "users/me returns 200": {
                "name": "users/me returns 200",
                "path": "::users/me returns 200",
                "id": "0b493bc308c4b85b40692379720e0106",
                "passes": 18,
                "fails": 0
            }
        },
        "name": "",
        "path": "",
        "id": "d41d8cd98f00b204e9800998ecf8427e",
        "groups": {}
    },
    "metrics": {
        "http_req_failed": {
            "passes": 0,
            "fails": 18,
            "value": 0
        },
        "vus_max": {
            "min": 1,
            "max": 1,
            "value": 1
        },
        "users_me_status_200": {
            "count": 18,
            "rate": 0.0999994354515205
        },
        "http_req_connecting": {
            "avg": 0.2640872222222222,
            "min": 0.136505,
            "med": 0.2656815,
            "max": 0.316331,
            "p(90)": 0.3073705,
            "p(95)": 0.31051445
        },
        "users_me_latency_ms": {
            "min": 1.689406,
            "med": 2.517156,
            "max": 3.985854,
            "p(90)": 2.8664861000000004,
            "p(95)": 3.1545318999999985,
            "avg": 2.5897786666666662
        },
        "http_req_duration": {
            "avg": 2.5897786666666662,
            "min": 1.689406,
            "med": 2.517156,
            "max": 3.985854,
            "p(90)": 2.8664861000000004,
            "p(95)": 3.1545318999999985
        },
        "users_me_status_count": {
            "count": 18,
            "rate": 0.0999994354515205
        },
        "iteration_duration": {
            "min": 3.049967,
            "med": 3.35697,
            "max": 4.623515,
            "p(90)": 3.924131300000001,
            "p(95)": 4.5612729000000005,
            "avg": 3.4692339444444444
        },
        "vus": {
            "value": 0,
            "min": 0,
            "max": 0
        },
        "http_req_receiving": {
            "avg": 0.17503588888888888,
            "min": 0.089878,
            "med": 0.177206,
            "max": 0.22519,
            "p(90)": 0.2115202,
            "p(95)": 0.2145548
        },
        "http_req_blocked": {
            "avg": 0.4029992777777777,
            "min": 0.316721,
            "med": 0.3716085,
            "max": 0.96874,
            "p(90)": 0.4137815,
            "p(95)": 0.5080119499999992
        },
        "data_sent": {
            "count": 24164,
            "rate": 134.24368656947453
        },
        "iterations": {
            "count": 18,
            "rate": 0.0999994354515205
        },
        "checks": {
            "passes": 18,
            "fails": 0,
            "thresholds": {
                "rate>0.99": false
            },
            "value": 1
        },
        "http_req_duration{expected_response:true}": {
            "med": 2.517156,
            "max": 3.985854,
            "p(90)": 2.8664861000000004,
            "p(95)": 3.1545318999999985,
            "avg": 2.5897786666666662,
            "min": 1.689406
        },
        "http_req_tls_handshaking": {
            "avg": 0,
            "min": 0,
            "med": 0,
            "max": 0,
            "p(90)": 0,
            "p(95)": 0
        },
        "users_me_error_rate": {
            "passes": 0,
            "fails": 18,
            "thresholds": {
                "rate<0.01": false
            },
            "value": 0
        },
        "http_req_sending": {
            "p(90)": 0.1154235,
            "p(95)": 0.1301896499999999,
            "avg": 0.08180894444444443,
            "min": 0.055824,
            "med": 0.0709075,
            "max": 0.180247
        },
        "http_req_waiting": {
            "max": 3.731069,
            "p(90)": 2.5922862,
            "p(95)": 2.9014910999999985,
            "avg": 2.3329338333333336,
            "min": 1.419281,
            "med": 2.2469010000000003
        },
        "data_received": {
            "count": 5740,
            "rate": 31.888708860651537
        },
        "http_reqs": {
            "count": 18,
            "rate": 0.0999994354515205
        }
    }
}