{
    "root_group": {
        "path": "",
        "id": "d41d8cd98f00b204e9800998ecf8427e",
        "groups": {},
        "checks": {
                "users/me returns 200": {
                    "name": "users/me returns 200",
                    "path": "::users/me returns 200",
                    "id": "0b493bc308c4b85b40692379720e0106",
                    "passes": 19,
                    "fails": 0
                }
            },
        "name": ""
    },
    "metrics": {
        "users_me_status_count": {
            "count": 19,
            "rate": 0.10555156398477364
        },
        "iteration_duration": {
            "avg": 6.552872315789474,
            "min": 4.599551,
            "med": 5.625987,
            "max": 13.843906,
            "p(90)": 9.1669492,
            "p(95)": 10.03047639999999
        },
        "http_req_tls_handshaking": {
            "p(90)": 0,
            "p(95)": 0.7207571999999847,
            "avg": 0.3793458947368421,
            "min": 0,
            "med": 0,
            "max": 7.207572
        },
        "users_me_error_rate": {
            "passes": 0,
            "fails": 19,
            "thresholds": {
                "rate<0.01": false
            },
            "value": 0
        },
        "http_req_duration": {
            "avg": 5.642049578947368,
            "min": 4.17616,
            "med": 5.164094,
            "max": 8.763067,
            "p(90)": 7.616172199999999,
            "p(95)": 8.548645599999999
        },
        "iterations": {
            "count": 19,
            "rate": 0.10555156398477364
        },
        "http_req_duration{expected_response:true}": {
            "avg": 5.642049578947368,
            "min": 4.17616,
            "med": 5.164094,
            "max": 8.763067,
            "p(90)": 7.616172199999999,
            "p(95)": 8.548645599999999
        },
        "http_req_sending": {
            "p(90)": 0.065224,
            "p(95)": 0.0740973999999999,
            "avg": 0.04908542105263158,
            "min": 0.030647,
            "med": 0.043331,
            "max": 0.114574
        },
        "vus": {
            "value": 0,
            "min": 0,
            "max": 0
        },
        "data_sent": {
            "count": 26179,
            "rate": 145.43338913459942
        },
        "http_reqs": {
            "count": 19,
            "rate": 0.10555156398477364
        },
        "http_req_blocked": {
            "avg": 0.4322134210526317,
            "min": 0.006782,
            "med": 0.009327,
            "max": 7.974554,
            "p(90)": 0.027092199999999962,
            "p(95)": 0.8609422999999831
        },
        "users_me_status_200": {
            "count": 19,
            "rate": 0.10555156398477364
        },
        "http_req_failed": {
            "passes": 0,
            "fails": 19,
            "value": 0
        },
        "checks": {
            "passes": 19,
            "fails": 0,
            "thresholds": {
                "rate>0.99": false
            },
            "value": 1
        },
        "http_req_receiving": {
            "min": 0.109083,
            "med": 0.14976,
            "max": 0.268391,
            "p(90)": 0.22055759999999996,
            "p(95)": 0.25353109999999995,
            "avg": 0.16309236842105262
        },
        "data_received": {
            "count": 18124,
            "rate": 100.68508135052829
        },
        "vus_max": {
            "value": 1,
            "min": 1,
            "max": 1
        },
        "http_req_connecting": {
            "p(90)": 0,
            "p(95)": 0.027593599999999413,
            "avg": 0.014522947368421054,
            "min": 0,
            "med": 0,
            "max": 0.275936
        },
        "users_me_latency_ms": {
            "avg": 5.642049578947368,
            "min": 4.17616,
            "med": 5.164094,
            "max": 8.763067,
            "p(90)": 7.616172199999999,
            "p(95)": 8.548645599999999
        },
        "http_req_waiting": {
            "max": 8.380102,
            "p(90)": 7.335960999999999,
            "p(95)": 8.246083899999999,
            "avg": 5.429871789473684,
            "min": 3.947743,
            "med": 4.95813
        }
    }
}