{
    "root_group": {
        "id": "d41d8cd98f00b204e9800998ecf8427e",
        "groups": {},
        "checks": {
                "users/me returns 200": {
                    "passes": 19,
                    "fails": 0,
                    "name": "users/me returns 200",
                    "path": "::users/me returns 200",
                    "id": "0b493bc308c4b85b40692379720e0106"
                }
            },
        "name": "",
        "path": ""
    },
    "metrics": {
        "iterations": {
            "count": 19,
            "rate": 0.10554691123713851
        },
        "data_received": {
            "count": 18102,
            "rate": 100.55843090603587
        },
        "users_me_status_200": {
            "rate": 0.10554691123713851,
            "count": 19
        },
        "users_me_error_rate": {
            "passes": 0,
            "fails": 19,
            "thresholds": {
                "rate<0.01": false
            },
            "value": 0
        },
        "http_req_duration": {
            "med": 16.680799,
            "max": 25.277478,
            "p(90)": 22.4429212,
            "p(95)": 24.350189999999998,
            "avg": 15.924093842105265,
            "min": 3.170105
        },
        "iteration_duration": {
            "med": 17.642766,
            "max": 25.592077,
            "p(90)": 23.3060658,
            "p(95)": 25.1310646,
            "avg": 16.95256352631579,
            "min": 10.431448
        },
        "vus": {
            "value": 0,
            "min": 0,
            "max": 0
        },
        "users_me_status_count": {
            "count": 19,
            "rate": 0.10554691123713851
        },
        "http_req_receiving": {
            "med": 0.152515,
            "max": 0.751421,
            "p(90)": 0.20540619999999998,
            "p(95)": 0.2805391999999989,
            "avg": 0.17359894736842107,
            "min": 0.070391
        },
        "http_reqs": {
            "count": 19,
            "rate": 0.10554691123713851
        },
        "vus_max": {
            "value": 1,
            "min": 1,
            "max": 1
        },
        "data_sent": {
            "count": 26122,
            "rate": 145.11033764929118
        },
        "http_req_duration{expected_response:true}": {
            "p(95)": 24.350189999999998,
            "avg": 15.924093842105265,
            "min": 3.170105,
            "med": 16.680799,
            "max": 25.277478,
            "p(90)": 22.4429212
        },
        "http_req_sending": {
            "max": 0.164737,
            "p(90)": 0.1477628,
            "p(95)": 0.15002109999999996,
            "avg": 0.07101484210526317,
            "min": 0.021561,
            "med": 0.053299
        },
        "http_req_connecting": {
            "p(90)": 0,
            "p(95)": 0.1032575999999978,
            "avg": 0.05434610526315789,
            "min": 0,
            "med": 0,
            "max": 1.032576
        },
        "http_req_waiting": {
            "avg": 15.679480052631579,
            "min": 2.920479,
            "med": 16.48376,
            "max": 25.142064,
            "p(90)": 22.145272199999997,
            "p(95)": 24.065837699999996
        },
        "http_req_failed": {
            "passes": 0,
            "fails": 19,
            "value": 0
        },
        "checks": {
            "passes": 19,
            "fails": 0,
            "thresholds": {
                "rate>0.99": false
            },
            "value": 1
        },
        "http_req_tls_handshaking": {
            "avg": 0.2573558947368421,
            "min": 0,
            "med": 0,
            "max": 4.889762,
            "p(90)": 0,
            "p(95)": 0.4889761999999896
        },
        "users_me_latency_ms": {
            "avg": 15.924093842105265,
            "min": 3.170105,
            "med": 16.680799,
            "max": 25.277478,
            "p(90)": 22.4429212,
            "p(95)": 24.350189999999998
        },
        "http_req_blocked": {
            "med": 0.012844,
            "max": 7.094937,
            "p(90)": 0.04337299999999997,
            "p(95)": 0.7852169999999851,
            "avg": 0.39024242105263146,
            "min": 0.004619
        }
    }
}